Run,ReleaseDate,LoadDate,spots,bases,spots_with_mates,avgLength,size_MB,AssemblyName,download_path,Experiment,LibraryName,LibraryStrategy,LibrarySelection,LibrarySource,LibraryLayout,InsertSize,InsertDev,Platform,Model,SRAStudy,BioProject,Study_Pubmed_id,ProjectID,Sample,BioSample,SampleType,TaxID,ScientificName,SampleName,g1k_pop_code,source,g1k_analysis_group,Subject_ID,Sex,Disease,Tumor,Affection_Status,Analyte_Type,Histological_Type,Body_Site,CenterName,Submission,dbgap_study_accession,Consent,RunHash,ReadHash
SRR12059669,2021-08-31 00:35:57,2020-06-20 07:10:32,44915959,13474787700,44915959,300,5389,,https://sra-downloadb.be-md.ncbi.nlm.nih.gov/sos2/sra-pub-zq-18/SRR012/12059/SRR12059669/SRR12059669.lite.1,SRX8587846,ArmKeel_TT,RNA-Seq,Oligo-dT,TRANSCRIPTOMIC,PAIRED,0,0,ILLUMINA,Illumina HiSeq 4000,SRP268125,PRJNA640750,,640750,SRS6879314,SAMN15331923,simple,1051067,Doryteuthis pealeii,ArmKeel_TT,,,,,male,,no,,,,,MILLERSVILLE UNIVERSITY,SRA1089310,,public,B51A302272D85F85BFFD325F8ACFB0B0,411B142563856FECA80A330429273CD1
SRR12059668,2021-08-31 00:35:57,2020-06-20 06:37:52,34381772,10314531600,34381772,300,4102,,https://sra-downloadb.be-md.ncbi.nlm.nih.gov/sos2/sra-pub-zq-18/SRR012/12059/SRR12059668/SRR12059668.lite.1,SRX8587847,ArmKeel_UU,RNA-Seq,Oligo-dT,TRANSCRIPTOMIC,PAIRED,0,0,ILLUMINA,Illumina HiSeq 4000,SRP268125,PRJNA640750,,640750,SRS6879315,SAMN15331924,simple,1051067,Doryteuthis pealeii,ArmKeel_UU,,,,,male,,no,,,,,MILLERSVILLE UNIVERSITY,SRA1089310,,public,25E1C2A18DFD4D072CE05D720F1D2824,7DDBF93FA036FAA1FC2CD350849F7566
SRR12059667,2021-08-31 00:35:57,2020-06-20 06:38:05,39549907,11864972100,39549907,300,4715,,https://sra-downloadb.be-md.ncbi.nlm.nih.gov/sos2/sra-pub-zq-18/SRR012/12059/SRR12059667/SRR12059667.lite.1,SRX8587848,ArmKeel_WW,RNA-Seq,Oligo-dT,TRANSCRIPTOMIC,PAIRED,0,0,ILLUMINA,Illumina HiSeq 4000,SRP268125,PRJNA640750,,640750,SRS6879316,SAMN15331925,simple,1051067,Doryteuthis pealeii,ArmKeel_WW,,,,,male,,no,,,,,MILLERSVILLE UNIVERSITY,SRA1089310,,public,D5B67CD9C71090EE8B8F31BF2794C233,4D5C6A750B8CEC9D4018A3C643FB26D5
SRR826777,2015-02-21 00:00:00,2013-04-15 16:25:02,27734658,5546931600,27734658,200,3644,,https://sra-downloadb.be-md.ncbi.nlm.nih.gov/sos5/sra-pub-zq-11/SRR000/826/SRR826777.sralite.1,SRX265118,,RNA-Seq,RANDOM,TRANSCRIPTOMIC,PAIRED,0,0,ILLUMINA,Illumina HiSeq 2000,SRP000988,,,0,SRS005511,SAMN00003222,simple,1051067,Doryteuthis pealeii,CNS of Loligo paelei,,,,,,,no,,,,,UF-LM,SRA009246,,public,0F49AB510A2382145301EEC55F8E287C,D923F28BBDE3D4FE1654A0747FD3B201
SRR826778,2015-02-21 00:00:00,2013-04-15 16:30:53,30908757,6181751400,30908757,200,4059,,https://sra-downloadb.be-md.ncbi.nlm.nih.gov/sos5/sra-pub-zq-11/SRR000/826/SRR826778.sralite.1,SRX265119,,RNA-Seq,RANDOM,TRANSCRIPTOMIC,PAIRED,0,0,ILLUMINA,Illumina HiSeq 2000,SRP000988,,,0,SRS005511,SAMN00003222,simple,1051067,Doryteuthis pealeii,CNS of Loligo paelei,,,,,,,no,,,,,UF-LM,SRA009246,,public,A947E93843BBF0CC53EB936E8E67AF5D,1E037B3AE8B45D22CAFAFB0D8D2F1A38
SRR826780,2015-02-21 00:00:00,2013-04-15 16:27:34,24962288,4992457600,24962288,200,3288,,https://sra-downloadb.be-md.ncbi.nlm.nih.gov/sos5/sra-pub-zq-11/SRR000/826/SRR826780.sralite.1,SRX265120,,RNA-Seq,RANDOM,TRANSCRIPTOMIC,PAIRED,0,0,ILLUMINA,Illumina HiSeq 2000,SRP000988,,,0,SRS005511,SAMN00003222,simple,1051067,Doryteuthis pealeii,CNS of Loligo paelei,,,,,,,no,,,,,UF-LM,SRA009246,,public,8BFA36121464F12BEB28A1398A19326C,B7BD4F3152B27EE14903C6807E154ED9
SRR5528268,2018-06-30 00:06:53,2017-05-12 17:49:10,88554946,8855494600,0,100,5696,,https://sra-downloadb.be-md.ncbi.nlm.nih.gov/sos5/sra-pub-zq-14/SRR005/528/SRR5528268.sralite.1,SRX2797480,DORPE_C,RNA-Seq,RT-PCR,TRANSCRIPTOMIC,SINGLE,0,0,ILLUMINA,Illumina HiSeq 2500,SRP106884,PRJNA386124,,386124,SRS2178450,SAMN06928088,simple,1051067,Doryteuthis pealeii,Doryteuthis lens core,,,,,,,no,,,,,UNIVERSITY OF PENNSYLVANIA,SRA561309,,public,5ECB984974B8B3BB70B13B8846591051,6E881EFEAAAA55CEBF013FD753147696
SRR5528269,2018-06-30 00:06:53,2017-05-12 17:36:10,65750932,6575093200,0,100,4184,,https://sra-downloadb.be-md.ncbi.nlm.nih.gov/sos5/sra-pub-zq-14/SRR005/528/SRR5528269.sralite.1,SRX2797479,DORPE_A,RNA-Seq,RT-PCR,TRANSCRIPTOMIC,SINGLE,0,0,ILLUMINA,Illumina HiSeq 2500,SRP106884,PRJNA386124,,386124,SRS2178449,SAMN06927747,simple,1051067,Doryteuthis pealeii,Doryteuthis lens periphery,,,,,,,no,,,,,UNIVERSITY OF PENNSYLVANIA,SRA561309,,public,042A2F6D1196CE781D7997B972FDF2C5,769918AFFA29D61DC3494C09F5F8B6AF
SRR18071803,2022-02-23 06:44:26,2022-02-23 06:22:49,69736034,13630873254,69736034,195,5507,,https://sra-pub-run-odp.s3.amazonaws.com/sra/SRR18071803/SRR18071803,SRX14223484,ANC,RNA-Seq,Oligo-dT,TRANSCRIPTOMIC,PAIRED,0,0,ILLUMINA,Illumina HiSeq 2000,SRP360525,PRJNA641326,3,641326,SRS12044906,SAMN15350006,simple,1051067,Doryteuthis pealeii,Doryteuthis pealeii Axial Nerve Cord,,,,,male,,no,,,,,UC BERKELEY,SRA1374546,,public,C2CE21F2FF1B2A76171FC11D369E7735,9DA0BB3D62C7E19CAA95D3C56AC86628
SRR18071788,2022-02-23 06:44:26,2022-02-23 06:17:00,68056423,13439510063,68056423,197,4931,,https://sra-downloadb.be-md.ncbi.nlm.nih.gov/sos1/sra-pub-zq-38/SRR018/18071/SRR18071788/SRR18071788.lite.1,SRX14223499,Blo,RNA-Seq,Oligo-dT,TRANSCRIPTOMIC,PAIRED,0,0,ILLUMINA,Illumina HiSeq 2000,SRP360525,PRJNA641326,3,641326,SRS12044921,SAMN15350017,simple,1051067,Doryteuthis pealeii,Doryteuthis pealeii Blood,,,,,male,,no,,,,,UC BERKELEY,SRA1374546,,public,9E4069AE497E8C3C16F07D624D6206B1,E5AF9D7678692A93FA305B9CC19CBC7E
SRR18071802,2022-02-23 06:44:26,2022-02-23 06:01:21,66843676,13184478563,66843676,197,5033,,https://sra-pub-run-odp.s3.amazonaws.com/sra/SRR18071802/SRR18071802,SRX14223485,BrL,RNA-Seq,Oligo-dT,TRANSCRIPTOMIC,PAIRED,0,0,ILLUMINA,Illumina HiSeq 2000,SRP360525,PRJNA641326,3,641326,SRS12044907,SAMN15350005,simple,1051067,Doryteuthis pealeii,Doryteuthis pealeii Brachial Lobe,,,,,male,,no,,,,,UC BERKELEY,SRA1374546,,public,B958819F0699981BADB9894AB7FF183A,5FCF59DDE5E923DC01181261AFA68B14
SRR18071800,2022-02-23 06:44:26,2022-02-23 06:02:49,66635942,13162841450,66635942,197,4920,,https://sra-downloadb.be-md.ncbi.nlm.nih.gov/sos3/sra-pub-zq-24/SRR018/18071/SRR18071800/SRR18071800.lite.1,SRX14223487,BuL,RNA-Seq,Oligo-dT,TRANSCRIPTOMIC,PAIRED,0,0,ILLUMINA,Illumina HiSeq 2000,SRP360525,PRJNA641326,3,641326,SRS12044908,SAMN15350004,simple,1051067,Doryteuthis pealeii,Doryteuthis pealeii Buccal Lobe,,,,,male,,no,,,,,UC BERKELEY,SRA1374546,,public,0E8FD9FEFD81A7535DB246EAD8C67DDC,73B3909CB2A27AA5A19756083236A22A
SRR18071789,2022-02-23 06:44:26,2022-02-23 06:01:51,68040953,13448152077,68040953,197,5046,,https://sra-pub-run-odp.s3.amazonaws.com/sra/SRR18071789/SRR18071789,SRX14223498,BM,RNA-Seq,Oligo-dT,TRANSCRIPTOMIC,PAIRED,0,0,ILLUMINA,Illumina HiSeq 2000,SRP360525,PRJNA641326,3,641326,SRS12044920,SAMN15350018,simple,1051067,Doryteuthis pealeii,Doryteuthis pealeii Buccal Mass,,,,,male,,no,,,,,UC BERKELEY,SRA1374546,,public,F89E02CDB435E29D9C0ACB4610DC24B1,3B0974EDC8A09E5740BD787BB8856F40
SRR18071798,2022-02-23 06:44:26,2022-02-23 06:17:20,66881716,13192337090,66881716,197,4905,,https://sra-downloadb.be-md.ncbi.nlm.nih.gov/sos1/sra-pub-zq-38/SRR018/18071/SRR18071798/SRR18071798.lite.1,SRX14223489,GFL,RNA-Seq,Oligo-dT,TRANSCRIPTOMIC,PAIRED,0,0,ILLUMINA,Illumina HiSeq 2000,SRP360525,PRJNA641326,3,641326,SRS12044911,SAMN15350002,simple,1051067,Doryteuthis pealeii,Doryteuthis pealeii Giant Fiber Lobe,,,,,male,,no,,,,,UC BERKELEY,SRA1374546,,public,E75F67531341170011748272923B1127,825CE94F818574E818E41B6D2E54C4CE
SRR18071787,2022-02-23 07:39:35,2022-02-23 06:20:41,65700065,12988118830,65700065,197,4856,,https://sra-downloadb.be-md.ncbi.nlm.nih.gov/sos3/sra-pub-zq-22/SRR018/18071/SRR18071787/SRR18071787.lite.1,SRX14223500,Gil,RNA-Seq,Oligo-dT,TRANSCRIPTOMIC,PAIRED,0,0,ILLUMINA,Illumina HiSeq 2000,SRP360525,PRJNA641326,3,641326,SRS12044922,SAMN15350016,simple,1051067,Doryteuthis pealeii,Doryteuthis pealeii Gill,,,,,male,,no,,,,,UC BERKELEY,SRA1374546,,public,2A3F631A4FAE460085380CBB0E4D2F8D,0810EC78C76EBA1E28AC7847CA25A6A2
SRR18071786,2022-02-23 06:44:26,2022-02-23 05:50:20,63857488,12605903593,63857488,197,4672,,https://sra-downloadb.be-md.ncbi.nlm.nih.gov/sos1/sra-pub-zq-38/SRR018/18071/SRR18071786/SRR18071786.lite.1,SRX14223501,Hea,RNA-Seq,Oligo-dT,TRANSCRIPTOMIC,PAIRED,0,0,ILLUMINA,Illumina HiSeq 2000,SRP360525,PRJNA641326,3,641326,SRS12044923,SAMN15350015,simple,1051067,Doryteuthis pealeii,Doryteuthis pealeii Heart,,,,,male,,no,,,,,UC BERKELEY,SRA1374546,,public,42AD3FDE6FF89097D71CBF6A1EDC8237,3C20A1BF41E75AF4F5E0E73EF049A223
SRR18071811,2022-02-23 06:44:26,2022-02-23 06:19:17,75700196,14985446490,75700196,197,5449,,https://sra-downloadb.be-md.ncbi.nlm.nih.gov/sos1/sra-pub-zq-38/SRR018/18071/SRR18071811/SRR18071811.lite.1,SRX14223476,Hep,RNA-Seq,Oligo-dT,TRANSCRIPTOMIC,PAIRED,0,0,ILLUMINA,Illumina HiSeq 2000,SRP360525,PRJNA641326,3,641326,SRS12044898,SAMN15350014,simple,1051067,Doryteuthis pealeii,Doryteuthis pealeii Hepatopancreas,,,,,male,,no,,,,,UC BERKELEY,SRA1374546,,public,B20D9C1C8A2349E4C34444645BAD54D5,880E4F289717300F0591879094E41147
SRR18071810,2022-02-23 08:21:08,2022-02-23 06:58:22,74004012,14703816960,74004012,198,5521,,https://sra-downloadb.be-md.ncbi.nlm.nih.gov/sos3/sra-pub-zq-22/SRR018/18071/SRR18071810/SRR18071810.lite.1,SRX14223477,Ink,RNA-Seq,Oligo-dT,TRANSCRIPTOMIC,PAIRED,0,0,ILLUMINA,Illumina HiSeq 2000,SRP360525,PRJNA641326,3,641326,SRS12044899,SAMN15350013,simple,1051067,Doryteuthis pealeii,Doryteuthis pealeii Ink,,,,,male,,no,,,,,UC BERKELEY,SRA1374546,,public,57E8062B9552C9CE37A79152B959090E,194E9B42D16591EE51F70807F61AD95B
SRR18071809,2022-02-23 06:44:26,2022-02-23 06:20:31,79359455,15682498652,79359455,197,5793,,https://sra-downloadb.be-md.ncbi.nlm.nih.gov/sos1/sra-pub-zq-38/SRR018/18071/SRR18071809/SRR18071809.lite.1,SRX14223478,Kid,RNA-Seq,Oligo-dT,TRANSCRIPTOMIC,PAIRED,0,0,ILLUMINA,Illumina HiSeq 2000,SRP360525,PRJNA641326,3,641326,SRS12044900,SAMN15350012,simple,1051067,Doryteuthis pealeii,Doryteuthis pealeii Kidney,,,,,male,,no,,,,,UC BERKELEY,SRA1374546,,public,15A4668C2E1BBC157F5F726CF525FF7C,6C87BBEB1B49688FD1325FDB75C9A47C
SRR18071808,2022-02-23 06:44:26,2022-02-23 06:03:11,79134388,15633168541,79134388,197,5889,,https://sra-pub-run-odp.s3.amazonaws.com/sra/SRR18071808/SRR18071808,SRX14223479,Man,RNA-Seq,Oligo-dT,TRANSCRIPTOMIC,PAIRED,0,0,ILLUMINA,Illumina HiSeq 2000,SRP360525,PRJNA641326,3,641326,SRS12044902,SAMN15350011,simple,1051067,Doryteuthis pealeii,Doryteuthis pealeii Mantle,,,,,male,,no,,,,,UC BERKELEY,SRA1374546,,public,F37C8E06362ABD9709BEDBAF9FBF8176,026CA25E83EBC5FABD55970B2EF7E0CB
SRR18071796,2022-02-23 06:44:26,2022-02-23 06:16:59,67321831,13268702878,67321831,197,4987,,https://sra-downloadb.be-md.ncbi.nlm.nih.gov/sos3/sra-pub-zq-24/SRR018/18071/SRR18071796/SRR18071796.lite.1,SRX14223491,OLe,RNA-Seq,Oligo-dT,TRANSCRIPTOMIC,PAIRED,0,0,ILLUMINA,Illumina HiSeq 2000,SRP360525,PRJNA641326,3,641326,SRS12044914,SAMN15350000,simple,1051067,Doryteuthis pealeii,Doryteuthis pealeii Optic Lobe early,,,,,male,,no,,,,,UC BERKELEY,SRA1374546,,public,96D6A6C69EDE28E743AFDBF4C5EEB819,A88AA3AE8D2E4877BFCD11D2287210E4
SRR18071797,2022-02-23 06:44:26,2022-02-23 06:04:26,66797349,13142302387,66797349,196,5011,,https://sra-downloadb.be-md.ncbi.nlm.nih.gov/sos1/sra-pub-zq-38/SRR018/18071/SRR18071797/SRR18071797.lite.1,SRX14223490,OLl,RNA-Seq,Oligo-dT,TRANSCRIPTOMIC,PAIRED,0,0,ILLUMINA,Illumina HiSeq 2000,SRP360525,PRJNA641326,3,641326,SRS12044912,SAMN15350001,simple,1051067,Doryteuthis pealeii,Doryteuthis pealeii Optic Lobe late,,,,,male,,no,,,,,UC BERKELEY,SRA1374546,,public,27CFAA085C4B4EB170742978EF45474F,047038D5C0F2C88445DA553F31E56E80
SRR18071813,2022-02-23 06:44:26,2022-02-23 06:21:59,67124709,13307038425,67124709,198,4822,,https://sra-pub-run-odp.s3.amazonaws.com/sra/SRR18071813/SRR18071813,SRX14223474,PSG,RNA-Seq,Oligo-dT,TRANSCRIPTOMIC,PAIRED,0,0,ILLUMINA,Illumina HiSeq 2000,SRP360525,PRJNA641326,3,641326,SRS12044896,SAMN15350024,simple,1051067,Doryteuthis pealeii,Doryteuthis pealeii Posterior Salivary Gland,,,,,male,,no,,,,,UC BERKELEY,SRA1374546,,public,EBF654DE8248F7196BB0D4A517F4FF7E,1744B83869D17A9FEA59F0D6C1B2FBBD
SRR18071807,2022-02-23 06:44:26,2022-02-23 06:00:37,67688341,13355060955,67688341,197,4948,,https://sra-downloadb.be-md.ncbi.nlm.nih.gov/sos1/sra-pub-zq-38/SRR018/18071/SRR18071807/SRR18071807.lite.1,SRX14223480,Ret,RNA-Seq,Oligo-dT,TRANSCRIPTOMIC,PAIRED,0,0,ILLUMINA,Illumina HiSeq 2000,SRP360525,PRJNA641326,3,641326,SRS12044901,SAMN15350010,simple,1051067,Doryteuthis pealeii,Doryteuthis pealeii Retina,,,,,male,,no,,,,,UC BERKELEY,SRA1374546,,public,E166FC4F5495C64104E3282A9B27BA44,4ADC980135EAA9C7BE952D80632C8C96
SRR18071790,2022-02-23 06:05:49,2022-02-23 05:56:35,65029227,12770482048,65029227,196,5055,,https://sra-downloadb.be-md.ncbi.nlm.nih.gov/sos1/sra-pub-zq-38/SRR018/18071/SRR18071790/SRR18071790.lite.1,SRX14223497,DCI,RNA-Seq,Oligo-dT,TRANSCRIPTOMIC,PAIRED,0,0,ILLUMINA,Illumina HiSeq 2000,SRP360525,PRJNA641326,3,641326,SRS12044919,SAMN15350019,simple,1051067,Doryteuthis pealeii,Doryteuthis pealeii Skin FDCI - Dorsal Fin Chromatophore Iridophore layers,,,,,male,,no,,,,,UC BERKELEY,SRA1374546,,public,9E2AA53D1FA0B9F0221A52C6A439A71B,D39DD34DD05E9BA553EBD479E35CF18D
SRR18071791,2022-02-23 06:44:26,2022-02-23 05:54:04,67719523,13371613660,67719523,197,4954,,https://sra-downloadb.be-md.ncbi.nlm.nih.gov/sos1/sra-pub-zq-38/SRR018/18071/SRR18071791/SRR18071791.lite.1,SRX14223496,MDC,RNA-Seq,Oligo-dT,TRANSCRIPTOMIC,PAIRED,0,0,ILLUMINA,Illumina HiSeq 2000,SRP360525,PRJNA641326,3,641326,SRS12044917,SAMN15350020,simple,1051067,Doryteuthis pealeii,Doryteuthis pealeii Skin MDC - Dorsal Mantle Chromatophore layer,,,,,male,,no,,,,,UC BERKELEY,SRA1374546,,public,3BF1F9286A903F3E4F7FBF8EF451E6E5,D6583F51781A5E93D3563FA5B96B5A3E
SRR18071792,2022-02-23 06:44:26,2022-02-23 06:17:00,65610431,12955894027,65610431,197,4834,,https://storage.googleapis.com/nih-sequence-read-archive/run/SRR18071792/SRR18071792,SRX14223495,MDI,RNA-Seq,Oligo-dT,TRANSCRIPTOMIC,PAIRED,0,0,ILLUMINA,Illumina HiSeq 2000,SRP360525,PRJNA641326,3,641326,SRS12044916,SAMN15350021,simple,1051067,Doryteuthis pealeii,Doryteuthis pealeii Skin MDI - Dorsal Mantle Iridophore layer,,,,,male,,no,,,,,UC BERKELEY,SRA1374546,,public,4EB2EBF8CCC119AFDC552F6B6EB79110,D7BD01A77B2A2568F9CFB1843F8F5DE4
SRR18071801,2022-02-23 07:14:34,2022-02-23 06:22:38,66864470,13205449828,66864470,197,4928,,https://sra-downloadb.be-md.ncbi.nlm.nih.gov/sos3/sra-pub-zq-22/SRR018/18071/SRR18071801/SRR18071801.lite.1,SRX14223486,MVC,RNA-Seq,Oligo-dT,TRANSCRIPTOMIC,PAIRED,0,0,ILLUMINA,Illumina HiSeq 2000,SRP360525,PRJNA641326,3,641326,SRS12044909,SAMN15350022,simple,1051067,Doryteuthis pealeii,Doryteuthis pealeii Skin MVC - Ventral Mantle Chromatophore layer,,,,,male,,no,,,,,UC BERKELEY,SRA1374546,,public,08D066937492EC25D5826C43165B8BBC,8A569401856D7FADC033F83E56371778
SRR18071812,2022-02-23 07:39:35,2022-02-23 06:32:59,65425421,12912058603,65425421,197,4810,,https://sra-downloadb.be-md.ncbi.nlm.nih.gov/sos3/sra-pub-zq-22/SRR018/18071/SRR18071812/SRR18071812.lite.1,SRX14223475,MVI,RNA-Seq,Oligo-dT,TRANSCRIPTOMIC,PAIRED,0,0,ILLUMINA,Illumina HiSeq 2000,SRP360525,PRJNA641326,3,641326,SRS12044897,SAMN15350023,simple,1051067,Doryteuthis pealeii,Doryteuthis pealeii Skin MVI Ventral Mantle Iridophore layer,,,,,male,,no,,,,,UC BERKELEY,SRA1374546,,public,D46F54AE015C1DDC2D3FB5B7FC1BAE98,2CB2539CA794F021D3D4EC1A59C07B0E
SRR18071799,2022-02-23 06:44:26,2022-02-23 06:01:41,65905050,12992739515,65905050,197,4852,,https://sra-downloadb.be-md.ncbi.nlm.nih.gov/sos3/sra-pub-zq-24/SRR018/18071/SRR18071799/SRR18071799.lite.1,SRX14223488,SG,RNA-Seq,Oligo-dT,TRANSCRIPTOMIC,PAIRED,0,0,ILLUMINA,Illumina HiSeq 2000,SRP360525,PRJNA641326,3,641326,SRS12044910,SAMN15350003,simple,1051067,Doryteuthis pealeii,Doryteuthis pealeii Stellate Ganglion,,,,,male,,no,,,,,UC BERKELEY,SRA1374546,,public,65DC7E354349F30105CBD11DCAA05AC1,F1E246D62EB2C00BA5D6BC28774DA901
SRR18071795,2022-02-23 06:44:26,2022-02-23 06:06:12,70707056,13947601818,70707056,197,5193,,https://sra-pub-run-odp.s3.amazonaws.com/sra/SRR18071795/SRR18071795,SRX14223492,Sub,RNA-Seq,Oligo-dT,TRANSCRIPTOMIC,PAIRED,0,0,ILLUMINA,Illumina HiSeq 2000,SRP360525,PRJNA641326,3,641326,SRS12044913,SAMN15349999,simple,1051067,Doryteuthis pealeii,Doryteuthis pealeii Subesophageal brain,,,,,male,,no,,,,,UC BERKELEY,SRA1374546,,public,D3B55DD60F86801FDDA4E8BE82D0E1A1,577853EF48AAA9173EA89BEA947B45DD
SRR18071806,2022-02-23 06:44:26,2022-02-23 06:08:45,72608421,14350501244,72608421,197,5343,,https://sra-pub-run-odp.s3.amazonaws.com/sra/SRR18071806/SRR18071806,SRX14223481,Suc,RNA-Seq,Oligo-dT,TRANSCRIPTOMIC,PAIRED,0,0,ILLUMINA,Illumina HiSeq 2000,SRP360525,PRJNA641326,3,641326,SRS12044903,SAMN15350009,simple,1051067,Doryteuthis pealeii,Doryteuthis pealeii Suckers,,,,,male,,no,,,,,UC BERKELEY,SRA1374546,,public,86AA283BD00BD2B033B648287B04AFE2,9D9CF04FDEF5136BB8DC69A05A48798A
SRR18071794,2022-02-23 06:44:26,2022-02-23 06:25:27,67885259,13415365025,67885259,197,5022,,https://sra-downloadb.be-md.ncbi.nlm.nih.gov/sos2/sra-pub-zq-20/SRR018/18071/SRR18071794/SRR18071794.lite.1,SRX14223493,Sup,RNA-Seq,Oligo-dT,TRANSCRIPTOMIC,PAIRED,0,0,ILLUMINA,Illumina HiSeq 2000,SRP360525,PRJNA641326,3,641326,SRS12044915,SAMN15349998,simple,1051067,Doryteuthis pealeii,Doryteuthis pealeii Supraesophageal brain,,,,,male,,no,,,,,UC BERKELEY,SRA1374546,,public,1DE485B1B15343A517A7D8A0E3690274,A9EDDDDB775D96387869CDAE8F31C81A
SRR18071805,2022-02-23 06:44:26,2022-02-23 06:21:09,69295872,13675350645,69295872,197,5102,,https://sra-downloadb.be-md.ncbi.nlm.nih.gov/sos2/sra-pub-zq-20/SRR018/18071/SRR18071805/SRR18071805.lite.1,SRX14223482,Ten,RNA-Seq,Oligo-dT,TRANSCRIPTOMIC,PAIRED,0,0,ILLUMINA,Illumina HiSeq 2000,SRP360525,PRJNA641326,3,641326,SRS12044904,SAMN15350008,simple,1051067,Doryteuthis pealeii,Doryteuthis pealeii Tentacles,,,,,male,,no,,,,,UC BERKELEY,SRA1374546,,public,EAEAE5D05CD2D23E5E1BD1D329752FF7,9809A8D55986782179CEDC0F674F7BD3
SRR18071804,2022-02-23 06:44:26,2022-02-23 06:23:42,69159526,13666225950,69159526,197,5075,,https://sra-downloadb.be-md.ncbi.nlm.nih.gov/sos3/sra-pub-zq-22/SRR018/18071/SRR18071804/SRR18071804.lite.1,SRX14223483,Tes,RNA-Seq,Oligo-dT,TRANSCRIPTOMIC,PAIRED,0,0,ILLUMINA,Illumina HiSeq 2000,SRP360525,PRJNA641326,3,641326,SRS12044905,SAMN15350007,simple,1051067,Doryteuthis pealeii,Doryteuthis pealeii Testes,,,,,male,,no,,,,,UC BERKELEY,SRA1374546,,public,BB5390F370313C66C2D7A55E860FB680,F970DAA2A466F5E79F23FDD250234F8E
SRR18071793,2022-02-23 06:44:26,2022-02-23 06:24:37,69060315,13601240142,69060315,196,5126,,https://sra-downloadb.be-md.ncbi.nlm.nih.gov/sos1/sra-pub-zq-38/SRR018/18071/SRR18071793/SRR18071793.lite.1,SRX14223494,VL,RNA-Seq,Oligo-dT,TRANSCRIPTOMIC,PAIRED,0,0,ILLUMINA,Illumina HiSeq 2000,SRP360525,PRJNA641326,3,641326,SRS12044918,SAMN15349997,simple,1051067,Doryteuthis pealeii,Doryteuthis pealeii Vertical lobe,,,,,male,,no,,,,,UC BERKELEY,SRA1374546,,public,2E927D564B9E96FAC3E8BBFEBEA6B435,CE526A2DD7CEF9B450B9590D2A896E55
SRR1725213,2014-12-21 00:00:00,2014-12-19 04:49:18,54077271,10815454200,54077271,200,7358,,https://sra-downloadb.be-md.ncbi.nlm.nih.gov/sos5/sra-pub-zq-11/SRR001/725/SRR1725213/SRR1725213.sralite.1,SRX817941,,RNA-Seq,PolyA,TRANSCRIPTOMIC,PAIRED,0,0,ILLUMINA,Illumina HiSeq 2000,SRP044717,PRJNA255916,2,255916,SRS798019,SAMN03268873,simple,1051067,Doryteuthis pealeii,Loligo pealei Buccal ganglia RNA,,,,,male,,no,,,,,UNIVERSITY OF PUERTO RICO-RCM,SRA218789,,public,B3B81CD441636B23ED2006B5925B7459,D99284D90CAD4718807B030F8E9C2615
SRR1725163,2014-12-21 00:00:00,2014-12-19 11:50:47,22859774,6857932200,22859774,300,4020,,https://sra-downloadb.be-md.ncbi.nlm.nih.gov/sos5/sra-pub-zq-11/SRR001/725/SRR1725163/SRR1725163.sralite.1,SRX817963,,RNA-Seq,PolyA,TRANSCRIPTOMIC,PAIRED,0,0,ILLUMINA,Illumina HiSeq 2000,SRP044717,PRJNA255916,2,255916,SRS798041,SAMN03268877,simple,1051067,Doryteuthis pealeii,Loligo pealei Gill RNA,,,,,male,,no,,,,,UNIVERSITY OF PUERTO RICO-RCM,SRA218789,,public,56E1095711922D3E609C8099EF00566F,8A51724608AB6897CF48186FF3E8DC19
SRR1725235,2014-12-21 00:00:00,2014-12-19 03:52:34,61837729,12367545800,61837729,200,8389,,https://sra-downloadb.be-md.ncbi.nlm.nih.gov/sos5/sra-pub-zq-11/SRR001/725/SRR1725235/SRR1725235.sralite.1,SRX817943,,RNA-Seq,PolyA,TRANSCRIPTOMIC,PAIRED,0,0,ILLUMINA,Illumina HiSeq 2000,SRP044717,PRJNA255916,2,255916,SRS798021,SAMN03268874,simple,1051067,Doryteuthis pealeii,Loligo pealei Stellate ganglion RNA,,,,,male,,no,,,,,UNIVERSITY OF PUERTO RICO-RCM,SRA218789,,public,F108E7AEC8CC7953E45D5634A944547D,AE6CC5D771C9FA604D6443E3ACD52D1F
SRR1725236,2014-12-21 00:00:00,2014-12-19 04:52:58,41673936,8334787200,41673936,200,5696,,https://sra-downloadb.be-md.ncbi.nlm.nih.gov/sos5/sra-pub-zq-11/SRR001/725/SRR1725236/SRR1725236.sralite.1,SRX817944,,RNA-Seq,PolyA,TRANSCRIPTOMIC,PAIRED,0,0,ILLUMINA,Illumina HiSeq 2000,SRP044717,PRJNA255916,2,255916,SRS798022,SAMN03268875,simple,1051067,Doryteuthis pealeii,Loligo pealei Vertical lobe RNA,,,,,male,,no,,,,,UNIVERSITY OF PUERTO RICO-RCM,SRA218789,,public,8408F6A76101D2F9129656482415FB3B,11CF45EEE18B96D18A35F0F68FC84A8D
SRR1725164,2014-12-21 00:00:00,2014-12-19 04:55:43,23129275,6938782500,23129275,300,4055,,https://sra-downloadb.be-md.ncbi.nlm.nih.gov/sos5/sra-pub-zq-11/SRR001/725/SRR1725164/SRR1725164.sralite.1,SRX817954,,RNA-Seq,PolyA,TRANSCRIPTOMIC,PAIRED,0,0,ILLUMINA,Illumina HiSeq 2000,SRP044717,PRJNA255916,2,255916,SRS798032,SAMN03268876,simple,1051067,Doryteuthis pealeii,Loligo pealei branchial heart RNA,,,,,male,,no,,,,,UNIVERSITY OF PUERTO RICO-RCM,SRA218789,,public,E2B4BC143B380975D0C0A6B8810BC76B,F5543F35DDBA71E0B54E5DBA0D3ADBDF
SRR1725172,2014-12-21 00:00:00,2014-12-19 11:51:44,13529037,4058711100,13529037,300,2391,,https://sra-downloadb.be-md.ncbi.nlm.nih.gov/sos5/sra-pub-zq-11/SRR001/725/SRR1725172/SRR1725172.sralite.1,SRX817967,,RNA-Seq,PolyA,TRANSCRIPTOMIC,PAIRED,0,0,ILLUMINA,Illumina HiSeq 2000,SRP044717,PRJNA255916,2,255916,SRS798045,SAMN03268881,simple,1051067,Doryteuthis pealeii,Loligo pealei chromatophore layer of the skin RNA,,,,,male,,no,,,,,UNIVERSITY OF PUERTO RICO-RCM,SRA218789,,public,1D808B7AAFC706962B5DAD35901BEAD2,2198F4FFE35E9DA1FDDCE120D5C13258
SRR1522987,2014-07-23 21:57:04,2014-07-22 20:19:26,87659651,17531930200,87659651,200,11193,,https://sra-downloadb.be-md.ncbi.nlm.nih.gov/sos5/sra-pub-zq-11/SRR001/522/SRR1522987/SRR1522987.sralite.1,SRX659587,giant fiber lobe RNA,RNA-Seq,PolyA,TRANSCRIPTOMIC,PAIRED,0,0,ILLUMINA,Illumina HiSeq 2000,SRP044717,PRJNA255916,2,255916,SRS664621,SAMN02929592,simple,1051067,Doryteuthis pealeii,Loligo pealei giant fiber lobe RNA,,,,,female,,no,,,,,UCONN HEALTH CENTER,SRA176327,,public,ED21DCA01882BFF7F61D2BC1D4D3F91A,EC82FDB1BDA178EDD37426990B10AD2F
SRR1725167,2014-12-21 00:00:00,2014-12-19 11:53:54,18700679,5610203700,18700679,300,3332,,https://sra-downloadb.be-md.ncbi.nlm.nih.gov/sos5/sra-pub-zq-11/SRR001/725/SRR1725167/SRR1725167.sralite.1,SRX817966,,RNA-Seq,PolyA,TRANSCRIPTOMIC,PAIRED,0,0,ILLUMINA,Illumina HiSeq 2000,SRP044717,PRJNA255916,2,255916,SRS798044,SAMN03268880,simple,1051067,Doryteuthis pealeii,Loligo pealei iridophore layer of the skin RNA,,,,,male,,no,,,,,UNIVERSITY OF PUERTO RICO-RCM,SRA218789,,public,91E40716B7E799AC89CC9C39A8DD5A77,9F6306835EAC3F9F091A1BBFBE4375F3
SRR1725169,2014-12-21 00:00:00,2014-12-19 11:43:51,25672485,7701745500,25672485,300,4547,,https://sra-downloadb.be-md.ncbi.nlm.nih.gov/sos5/sra-pub-zq-11/SRR001/725/SRR1725169/SRR1725169.sralite.1,SRX817965,,RNA-Seq,PolyA,TRANSCRIPTOMIC,PAIRED,0,0,ILLUMINA,Illumina HiSeq 2000,SRP044717,PRJNA255916,2,255916,SRS798043,SAMN03268879,simple,1051067,Doryteuthis pealeii,Loligo pealei marginal epithelial layer on the pen RNA,,,,,male,,no,,,,,UNIVERSITY OF PUERTO RICO-RCM,SRA218789,,public,FCBFD0D7A9589C3960B8D0BFA3346920,68EA49BA33E56AFFAA022EE3CF5ADC7C
SRR1522988,2014-07-23 21:57:04,2014-07-23 11:17:31,87597846,17519569200,87597846,200,11195,,https://sra-downloadb.be-md.ncbi.nlm.nih.gov/sos5/sra-pub-zq-11/SRR001/522/SRR1522988/SRR1522988.sralite.1,SRX659585,optic lobe RNA,RNA-Seq,PolyA,TRANSCRIPTOMIC,PAIRED,0,0,ILLUMINA,Illumina HiSeq 2000,SRP044717,PRJNA255916,2,255916,SRS664619,SAMN02929593,simple,1051067,Doryteuthis pealeii,Loligo pealei optic lobe RNA,,,,,female,,no,,,,,UCONN HEALTH CENTER,SRA176327,,public,23C946989D2000BB96372572FB8F23B6,93D9C98533AEE6A65FBBCFCB315548D8
SRR1725171,2014-12-21 00:00:00,2014-12-19 11:35:41,18713999,5614199700,18713999,300,3298,,https://sra-downloadb.be-md.ncbi.nlm.nih.gov/sos5/sra-pub-zq-11/SRR001/725/SRR1725171/SRR1725171.sralite.1,SRX817964,,RNA-Seq,PolyA,TRANSCRIPTOMIC,PAIRED,0,0,ILLUMINA,Illumina HiSeq 2000,SRP044717,PRJNA255916,2,255916,SRS798042,SAMN03268878,simple,1051067,Doryteuthis pealeii,Loligo pealei ventral epithelial layer on the pen RNA,,,,,male,,no,,,,,UNIVERSITY OF PUERTO RICO-RCM,SRA218789,,public,0ADF508B646470BA009EF10D3C84F0E7,AB213243B74A153A965A196532D41E74
SRR12059666,2021-08-31 00:35:57,2020-06-20 06:46:12,38875365,11662609500,38875365,300,4554,,https://sra-downloadb.be-md.ncbi.nlm.nih.gov/sos2/sra-pub-zq-18/SRR012/12059/SRR12059666/SRR12059666.lite.1,SRX8587849,Mantle_TT,RNA-Seq,Oligo-dT,TRANSCRIPTOMIC,PAIRED,0,0,ILLUMINA,Illumina HiSeq 4000,SRP268125,PRJNA640750,,640750,SRS6879317,SAMN15331926,simple,1051067,Doryteuthis pealeii,Mantle_TT,,,,,male,,no,,,,,MILLERSVILLE UNIVERSITY,SRA1089310,,public,9845564D62A1C16DA72F9C0E0660D200,A7787E981659B7F5EE5EFD8BB6A80886
SRR12059665,2021-08-31 00:35:57,2020-06-20 06:58:37,49056143,14716842900,49056143,300,5981,,https://sra-downloadb.be-md.ncbi.nlm.nih.gov/sos2/sra-pub-zq-18/SRR012/12059/SRR12059665/SRR12059665.lite.1,SRX8587850,Mantle_UU,RNA-Seq,Oligo-dT,TRANSCRIPTOMIC,PAIRED,0,0,ILLUMINA,Illumina HiSeq 4000,SRP268125,PRJNA640750,,640750,SRS6879318,SAMN15331927,simple,1051067,Doryteuthis pealeii,Mantle_UU,,,,,male,,no,,,,,MILLERSVILLE UNIVERSITY,SRA1089310,,public,8F4B2FDF273DD6B43393CC6F7E95B0AB,1CA79343CFA218BA0E1F4FA9B6E6BF1C
SRR12059664,2021-08-31 00:35:57,2020-06-20 06:46:14,42538818,12761645400,42538818,300,4973,,https://sra-downloadb.be-md.ncbi.nlm.nih.gov/sos2/sra-pub-zq-18/SRR012/12059/SRR12059664/SRR12059664.lite.1,SRX8587851,Mantle_WW,RNA-Seq,Oligo-dT,TRANSCRIPTOMIC,PAIRED,0,0,ILLUMINA,Illumina HiSeq 4000,SRP268125,PRJNA640750,,640750,SRS6879319,SAMN15331928,simple,1051067,Doryteuthis pealeii,Mantle_WW,,,,,male,,no,,,,,MILLERSVILLE UNIVERSITY,SRA1089310,,public,A0309589804B83A45CFED50989AD9982,1FA7CC0ECF7ED45786B80B1F5125F18A
SRR12059663,2021-08-31 00:35:57,2020-06-20 06:43:49,38086862,11426058600,38086862,300,4935,,https://sra-downloadb.be-md.ncbi.nlm.nih.gov/sos2/sra-pub-zq-18/SRR012/12059/SRR12059663/SRR12059663.lite.1,SRX8587852,NuchalRetractor_TT,RNA-Seq,Oligo-dT,TRANSCRIPTOMIC,PAIRED,0,0,ILLUMINA,Illumina HiSeq 4000,SRP268125,PRJNA640750,,640750,SRS6879320,SAMN15331929,simple,1051067,Doryteuthis pealeii,NuchalRetractor_TT,,,,,male,,no,,,,,MILLERSVILLE UNIVERSITY,SRA1089310,,public,D5787B8AF2B42F71FB04B377269F0C33,9191AB77CB48E4D0279D16585B94B805
SRR12059662,2021-08-31 00:35:57,2020-06-20 06:41:37,46436481,13930944300,46436481,300,5423,,https://sra-downloadb.be-md.ncbi.nlm.nih.gov/sos2/sra-pub-zq-18/SRR012/12059/SRR12059662/SRR12059662.lite.1,SRX8587853,NuchalRetractor_UU,RNA-Seq,Oligo-dT,TRANSCRIPTOMIC,PAIRED,0,0,ILLUMINA,Illumina HiSeq 4000,SRP268125,PRJNA640750,,640750,SRS6879321,SAMN15331930,simple,1051067,Doryteuthis pealeii,NuchalRetractor_UU,,,,,male,,no,,,,,MILLERSVILLE UNIVERSITY,SRA1089310,,public,4C2FCE9375461307994C248E2FD91CE5,FB600B49072EAB108D6489900F2B2C03
SRR12059661,2021-08-31 00:35:57,2020-06-20 06:42:13,37033265,11109979500,37033265,300,4400,,https://sra-downloadb.be-md.ncbi.nlm.nih.gov/sos2/sra-pub-zq-18/SRR012/12059/SRR12059661/SRR12059661.lite.1,SRX8587854,NuchalRetractor_WW,RNA-Seq,Oligo-dT,TRANSCRIPTOMIC,PAIRED,0,0,ILLUMINA,Illumina HiSeq 4000,SRP268125,PRJNA640750,,640750,SRS6879322,SAMN15331931,simple,1051067,Doryteuthis pealeii,NuchalRetractor_WW,,,,,male,,no,,,,,MILLERSVILLE UNIVERSITY,SRA1089310,,public,6016C9732C3464BB75F4439F5E8BD14B,B51168F799412D024BCF6B68AF89EA7E
SRR3472304,2016-05-04 19:18:30,2016-05-03 13:12:16,19207485,5341414506,19207485,278,2670,,https://sra-downloadb.be-md.ncbi.nlm.nih.gov/sos5/sra-pub-zq-11/SRR003/472/SRR3472304.sralite.1,SRX1739673,,RNA-Seq,cDNA,TRANSCRIPTOMIC,PAIRED,0,0,ILLUMINA,Illumina MiSeq,SRP074279,PRJNA320263,,320263,SRS1419854,SAMN04933784,simple,1051067,Doryteuthis pealeii,SRT-Lp,,,,,,,no,,,,,PENNSTATE,SRA422929,,public,A4180D54EB904CE414F0E32E52107945,6F123951F019EDF78694C7F97D9F40D1
SRR10724345,2021-01-01 04:08:09,2019-12-18 13:05:51,369333093,73866618600,369333093,200,26459,,https://sra-downloadb.be-md.ncbi.nlm.nih.gov/sos5/sra-pub-zq-16/SRR010/10724/SRR10724345/SRR10724345.lite.1,SRX7400479,Squid_GA_4_bioreps,RNA-Seq,unspecified,TRANSCRIPTOMIC,PAIRED,0,0,ILLUMINA,Illumina HiSeq 4000,SRP238001,PRJNA596281,,596281,SRS5848156,SAMN13617401,simple,1051067,Doryteuthis pealeii,Squid_GA,,,,,male,,no,,,,,MARINE BIOLOGICAL LABORATORY,SRA1013604,,public,4CAFE01FE0EB602897649DDEB7229555,B2B57520F07ACB79B21D5187BCF24E2E
SRR10724344,2021-01-01 04:08:09,2019-12-18 12:03:23,364365568,72873113600,364365568,200,26652,,https://sra-downloadb.be-md.ncbi.nlm.nih.gov/sos3/sra-pub-zq-22/SRR010/10724/SRR10724344/SRR10724344.lite.1,SRX7400480,Squid_GFL_4_bioreps,RNA-Seq,unspecified,TRANSCRIPTOMIC,PAIRED,0,0,ILLUMINA,Illumina HiSeq 4000,SRP238001,PRJNA596281,,596281,SRS5848163,SAMN13617402,simple,1051067,Doryteuthis pealeii,Squid_GFL,,,,,male,,no,,,,,MARINE BIOLOGICAL LABORATORY,SRA1013604,,public,6F7B022FDCE3FC5C7A48425201C98891,9610FCBEA1A3724D54282426429A3941
SRR2951717,2016-08-20 00:00:00,2015-11-25 18:04:58,42144123,4298700546,42144123,102,2602,,https://sra-downloadb.be-md.ncbi.nlm.nih.gov/sos5/sra-pub-zq-11/SRR002/951/SRR2951717/SRR2951717.sralite.1,SRX1444628,,RNA-Seq,PolyA,TRANSCRIPTOMIC,PAIRED,0,0,ILLUMINA,Illumina HiSeq 2000,SRP066528,PRJNA300432,,300432,SRS1172799,SAMN04260278,simple,1051067,Doryteuthis pealeii,Stage_19_Feb13_Sample_001,,,,,,,no,,,,,UNIVERSITY OF TEXAS AT AUSTIN,SRA312758,,public,43A088984FA870AD9280579162044FD8,9722E1007990E77953FFA77FDDCB8BA1
SRR2951718,2016-08-20 00:00:00,2015-11-25 18:07:41,39355918,4014303636,39355918,102,2444,,https://sra-downloadb.be-md.ncbi.nlm.nih.gov/sos5/sra-pub-zq-11/SRR002/951/SRR2951718/SRR2951718.sralite.1,SRX1444629,,RNA-Seq,PolyA,TRANSCRIPTOMIC,PAIRED,0,0,ILLUMINA,Illumina HiSeq 2000,SRP066528,PRJNA300432,,300432,SRS1172800,SAMN04260279,simple,1051067,Doryteuthis pealeii,Stage_19_Feb13_Sample_002,,,,,,,no,,,,,UNIVERSITY OF TEXAS AT AUSTIN,SRA312758,,public,913075C1E6ED9AF8890D191C668B48A4,B34E38A9C0EEE9295B1C3A0ACCC5342A
SRR2951719,2016-08-20 00:00:00,2015-12-08 14:14:12,48099386,4906137372,48099386,102,2994,,https://sra-downloadb.be-md.ncbi.nlm.nih.gov/sos5/sra-pub-zq-11/SRR002/951/SRR2951719/SRR2951719.sralite.1,SRX1444630,,RNA-Seq,PolyA,TRANSCRIPTOMIC,PAIRED,0,0,ILLUMINA,Illumina HiSeq 2000,SRP066528,PRJNA300432,,300432,SRS1172801,SAMN04260280,simple,1051067,Doryteuthis pealeii,Stage_19_Feb13_Sample_003,,,,,,,no,,,,,UNIVERSITY OF TEXAS AT AUSTIN,SRA312758,,public,40B39C8C1C23ACEE4A6EC7162A3BA95E,E71AC4690D498FCCC320CBF10BD5B22A
SRR2951702,2016-08-20 00:00:00,2015-11-25 19:01:04,11831711,2390005622,11831711,202,1481,,https://sra-downloadb.be-md.ncbi.nlm.nih.gov/sos5/sra-pub-zq-11/SRR002/951/SRR2951702/SRR2951702.sralite.1,SRX1444406,,RNA-Seq,PolyA,TRANSCRIPTOMIC,PAIRED,0,0,ILLUMINA,Illumina HiSeq 2000,SRP066528,PRJNA300432,,300432,SRS1172725,SAMN04260263,simple,1051067,Doryteuthis pealeii,Stage_19_Nov13_Sample_016,,,,,,,no,,,,,UNIVERSITY OF TEXAS AT AUSTIN,SRA312758,,public,BFE180FF0B2444EEF307D661781330DC,724929B37B39471DB25BBC49EDCF6A14
SRR2951705,2016-08-20 00:00:00,2015-11-25 19:17:16,11530928,2329247456,11530928,202,1449,,https://sra-downloadb.be-md.ncbi.nlm.nih.gov/sos5/sra-pub-zq-11/SRR002/951/SRR2951705/SRR2951705.sralite.1,SRX1444408,,RNA-Seq,PolyA,TRANSCRIPTOMIC,PAIRED,0,0,ILLUMINA,Illumina HiSeq 2000,SRP066528,PRJNA300432,,300432,SRS3190933,SAMN04260264,simple,1051067,Doryteuthis pealeii,Stage_19_Nov13_Sample_017,,,,,,,no,,,,,UNIVERSITY OF TEXAS AT AUSTIN,SRA312758,,public,7585657A716D0A41495E88D648D8E0E2,272576AB2E6F2A56452512AFA02F2247
SRR2951703,2016-08-20 00:00:00,2015-11-25 18:58:01,10061769,2032477338,10061769,202,1259,,https://sra-downloadb.be-md.ncbi.nlm.nih.gov/sos5/sra-pub-zq-11/SRR002/951/SRR2951703/SRR2951703.sralite.1,SRX1444407,,RNA-Seq,PolyA,TRANSCRIPTOMIC,PAIRED,0,0,ILLUMINA,Illumina HiSeq 2000,SRP066528,PRJNA300432,,300432,SRS1172726,SAMN04260265,simple,1051067,Doryteuthis pealeii,Stage_19_Nov13_Sample_018,,,,,,,no,,,,,UNIVERSITY OF TEXAS AT AUSTIN,SRA312758,,public,E7C1B56A36E01DABB554D0C04F5BFDB4,3CA70F233DF7105D56F4FFCDBB30C58B
SRR2951759,2017-10-20 22:54:11,2017-10-20 22:48:03,50661933,5167476933,50661134,101,4005,,https://sra-downloadb.be-md.ncbi.nlm.nih.gov/sos5/sra-pub-zq-14/SRR002/951/SRR2951759.sralite.1,SRX1444631,,RNA-Seq,PolyA,TRANSCRIPTOMIC,PAIRED,0,0,ILLUMINA,Illumina HiSeq 2000,SRP066528,PRJNA300432,,300432,SRS1172802,SAMN04260281,simple,1051067,Doryteuthis pealeii,Stage_21_Feb13_Sample_004,,,,,,,no,,,,,UNIVERSITY OF TEXAS AT AUSTIN,SRA312758,,public,97767DB4E6F6B9F958F704ACEF1A2CB5,5E68A00F875159A1164FBA2C8C2D2C98
SRR2951934,2016-08-20 00:00:00,2015-12-08 14:14:29,44176931,4506046962,44176931,102,2733,,https://sra-downloadb.be-md.ncbi.nlm.nih.gov/sos5/sra-pub-zq-11/SRR002/951/SRR2951934/SRR2951934.sralite.1,SRX1444632,,RNA-Seq,PolyA,TRANSCRIPTOMIC,PAIRED,0,0,ILLUMINA,Illumina HiSeq 2000,SRP066528,PRJNA300432,,300432,SRS1172803,SAMN04260282,simple,1051067,Doryteuthis pealeii,Stage_21_Feb13_Sample_005,,,,,,,no,,,,,UNIVERSITY OF TEXAS AT AUSTIN,SRA312758,,public,23FAFDC675A322131181D1D66D7C74B8,FD1E3BB99BC49EF7D79D7E745199348E
SRR2952166,2016-08-20 00:00:00,2015-12-08 14:16:01,56334492,5746118184,56334492,102,3502,,https://sra-downloadb.be-md.ncbi.nlm.nih.gov/sos5/sra-pub-zq-11/SRR002/952/SRR2952166/SRR2952166.sralite.1,SRX1444633,,RNA-Seq,PolyA,TRANSCRIPTOMIC,PAIRED,0,0,ILLUMINA,Illumina HiSeq 2000,SRP066528,PRJNA300432,,300432,SRS1172805,SAMN04260283,simple,1051067,Doryteuthis pealeii,Stage_21_Feb13_Sample_006,,,,,,,no,,,,,UNIVERSITY OF TEXAS AT AUSTIN,SRA312758,,public,E132F91CEAFD169EFC8F1525A37FEF81,CCA31BE62DD81672E5D9F4457F64F6D6
SRR2951704,2016-08-20 00:00:00,2015-11-25 19:17:29,12560853,2537292306,12560853,202,1570,,https://sra-downloadb.be-md.ncbi.nlm.nih.gov/sos5/sra-pub-zq-11/SRR002/951/SRR2951704/SRR2951704.sralite.1,SRX1444409,,RNA-Seq,PolyA,TRANSCRIPTOMIC,PAIRED,0,0,ILLUMINA,Illumina HiSeq 2000,SRP066528,PRJNA300432,,300432,SRS1172727,SAMN04260266,simple,1051067,Doryteuthis pealeii,Stage_21_Nov13_Sample_019,,,,,,,no,,,,,UNIVERSITY OF TEXAS AT AUSTIN,SRA312758,,public,B1F121A662C30640CDA8B9CA15388035,D7D27BA287342CDB57A3728D12E74BE8
SRR2951706,2016-08-20 00:00:00,2015-11-25 19:18:47,11824891,2388627982,11824891,202,1476,,https://sra-downloadb.be-md.ncbi.nlm.nih.gov/sos5/sra-pub-zq-11/SRR002/951/SRR2951706/SRR2951706.sralite.1,SRX1444410,,RNA-Seq,PolyA,TRANSCRIPTOMIC,PAIRED,0,0,ILLUMINA,Illumina HiSeq 2000,SRP066528,PRJNA300432,,300432,SRS1172729,SAMN04260267,simple,1051067,Doryteuthis pealeii,Stage_21_Nov13_Sample_020,,,,,,,no,,,,,UNIVERSITY OF TEXAS AT AUSTIN,SRA312758,,public,02F29866B8CDAC5817218184044FF5E3,2BE403B0620D0D8922DE5EF9FFABC0BC
SRR2951707,2016-08-20 00:00:00,2015-11-25 19:20:06,12753662,2576239724,12753662,202,1601,,https://sra-downloadb.be-md.ncbi.nlm.nih.gov/sos5/sra-pub-zq-11/SRR002/951/SRR2951707/SRR2951707.sralite.1,SRX1444423,,RNA-Seq,PolyA,TRANSCRIPTOMIC,PAIRED,0,0,ILLUMINA,Illumina HiSeq 2000,SRP066528,PRJNA300432,,300432,SRS1172731,SAMN04260268,simple,1051067,Doryteuthis pealeii,Stage_21_Nov13_Sample_021,,,,,,,no,,,,,UNIVERSITY OF TEXAS AT AUSTIN,SRA312758,,public,28BCF264DD8E0FF8EE18F78F7BAFA021,79A81181637D755DB1482E48793A3418
SRR2952167,2016-08-20 00:00:00,2015-11-25 19:08:57,42215722,4306003644,42215722,102,2613,,https://sra-downloadb.be-md.ncbi.nlm.nih.gov/sos5/sra-pub-zq-11/SRR002/952/SRR2952167/SRR2952167.sralite.1,SRX1444634,,RNA-Seq,PolyA,TRANSCRIPTOMIC,PAIRED,0,0,ILLUMINA,Illumina HiSeq 2000,SRP066528,PRJNA300432,,300432,SRS1172804,SAMN04260284,simple,1051067,Doryteuthis pealeii,Stage_23_Feb13_Sample_007,,,,,,,no,,,,,UNIVERSITY OF TEXAS AT AUSTIN,SRA312758,,public,9DC62198722956F8C69EED424CF053F6,2C2D2D044DA8767F1E610BDBAD7AF7B7
SRR2952168,2016-08-20 00:00:00,2015-11-25 19:35:13,55567098,5667843996,55567098,102,3443,,https://sra-downloadb.be-md.ncbi.nlm.nih.gov/sos5/sra-pub-zq-11/SRR002/952/SRR2952168/SRR2952168.sralite.1,SRX1444635,,RNA-Seq,PolyA,TRANSCRIPTOMIC,PAIRED,0,0,ILLUMINA,Illumina HiSeq 2000,SRP066528,PRJNA300432,,300432,SRS1172806,SAMN04260285,simple,1051067,Doryteuthis pealeii,Stage_23_Feb13_Sample_008,,,,,,,no,,,,,UNIVERSITY OF TEXAS AT AUSTIN,SRA312758,,public,0D7D192BD2D253F5E477A71191D8D29D,BC99BFE698521D86C9E26863ABA8B1C3
SRR2952169,2016-08-20 00:00:00,2015-11-25 19:25:02,52084371,5312605842,52084371,102,3234,,https://sra-downloadb.be-md.ncbi.nlm.nih.gov/sos5/sra-pub-zq-11/SRR002/952/SRR2952169/SRR2952169.sralite.1,SRX1444636,,RNA-Seq,PolyA,TRANSCRIPTOMIC,PAIRED,0,0,ILLUMINA,Illumina HiSeq 2000,SRP066528,PRJNA300432,,300432,SRS1172807,SAMN04260286,simple,1051067,Doryteuthis pealeii,Stage_23_Feb13_Sample_009,,,,,,,no,,,,,UNIVERSITY OF TEXAS AT AUSTIN,SRA312758,,public,33678E8ACC959795167E2B44A917C77C,F12FE13915954D8CCD2D55FD79CD887B
SRR2951708,2016-08-20 00:00:00,2015-11-25 19:19:51,10171360,2054614720,10171360,202,1274,,https://sra-downloadb.be-md.ncbi.nlm.nih.gov/sos5/sra-pub-zq-11/SRR002/951/SRR2951708/SRR2951708.sralite.1,SRX1444453,,RNA-Seq,PolyA,TRANSCRIPTOMIC,PAIRED,0,0,ILLUMINA,Illumina HiSeq 2000,SRP066528,PRJNA300432,,300432,SRS1172740,SAMN04260269,simple,1051067,Doryteuthis pealeii,Stage_23_Nov13_Sample_022,,,,,,,no,,,,,UNIVERSITY OF TEXAS AT AUSTIN,SRA312758,,public,642C513D67A069D5800C3835BC180B25,FFB6C239957849E9097D08D02D9C19A6
SRR2951709,2016-08-20 00:00:00,2015-11-25 19:20:02,12526196,2530291592,12526196,202,1568,,https://sra-downloadb.be-md.ncbi.nlm.nih.gov/sos5/sra-pub-zq-11/SRR002/951/SRR2951709/SRR2951709.sralite.1,SRX1444495,,RNA-Seq,PolyA,TRANSCRIPTOMIC,PAIRED,0,0,ILLUMINA,Illumina HiSeq 2000,SRP066528,PRJNA300432,,300432,SRS1172756,SAMN04260270,simple,1051067,Doryteuthis pealeii,Stage_23_Nov13_Sample_023,,,,,,,no,,,,,UNIVERSITY OF TEXAS AT AUSTIN,SRA312758,,public,B931272FE8B9111F4FD2C5B46C161EC2,5BFB9886CDDD98F1241D79A467981E89
SRR2951710,2016-08-20 00:00:00,2015-11-25 19:21:20,14708743,2971166086,14708743,202,1850,,https://sra-downloadb.be-md.ncbi.nlm.nih.gov/sos5/sra-pub-zq-11/SRR002/951/SRR2951710/SRR2951710.sralite.1,SRX1444513,,RNA-Seq,PolyA,TRANSCRIPTOMIC,PAIRED,0,0,ILLUMINA,Illumina HiSeq 2000,SRP066528,PRJNA300432,,300432,SRS1172759,SAMN04260271,simple,1051067,Doryteuthis pealeii,Stage_23_Nov13_Sample_024,,,,,,,no,,,,,UNIVERSITY OF TEXAS AT AUSTIN,SRA312758,,public,75D7F8F2EFF641DD60E2D557CECDC5C0,F4AA2785A314F7C877238B3418BD0386
SRR2952170,2016-08-20 00:00:00,2015-11-25 18:06:49,47617982,4857034164,47617982,102,2944,,https://sra-downloadb.be-md.ncbi.nlm.nih.gov/sos5/sra-pub-zq-11/SRR002/952/SRR2952170/SRR2952170.sralite.1,SRX1444637,,RNA-Seq,PolyA,TRANSCRIPTOMIC,PAIRED,0,0,ILLUMINA,Illumina HiSeq 2000,SRP066528,PRJNA300432,,300432,SRS1172808,SAMN04260287,simple,1051067,Doryteuthis pealeii,Stage_25_Feb13_Sample_010,,,,,,,no,,,,,UNIVERSITY OF TEXAS AT AUSTIN,SRA312758,,public,7EDCD1BAEC18515BEBFE321556BF78DB,C62D1EB62F7DAA26CDDD44C04582EB87
SRR2952171,2016-08-20 00:00:00,2015-11-25 18:26:46,54001211,5508123522,54001211,102,3387,,https://sra-downloadb.be-md.ncbi.nlm.nih.gov/sos5/sra-pub-zq-11/SRR002/952/SRR2952171/SRR2952171.sralite.1,SRX1444638,,RNA-Seq,PolyA,TRANSCRIPTOMIC,PAIRED,0,0,ILLUMINA,Illumina HiSeq 2000,SRP066528,PRJNA300432,,300432,SRS1172809,SAMN04260288,simple,1051067,Doryteuthis pealeii,Stage_25_Feb13_Sample_011,,,,,,,no,,,,,UNIVERSITY OF TEXAS AT AUSTIN,SRA312758,,public,26C2A86198F88E5339707D125036CC70,4BA15BF5A0A432C422928160FF4AC7EC
SRR2952172,2016-08-20 00:00:00,2015-12-08 14:10:31,45404448,4631253696,45404448,102,2798,,https://sra-downloadb.be-md.ncbi.nlm.nih.gov/sos5/sra-pub-zq-11/SRR002/952/SRR2952172/SRR2952172.sralite.1,SRX1444639,,RNA-Seq,PolyA,TRANSCRIPTOMIC,PAIRED,0,0,ILLUMINA,Illumina HiSeq 2000,SRP066528,PRJNA300432,,300432,SRS1172810,SAMN04260289,simple,1051067,Doryteuthis pealeii,Stage_25_Feb13_Sample_012,,,,,,,no,,,,,UNIVERSITY OF TEXAS AT AUSTIN,SRA312758,,public,E6514A7F195E8F24D8AA5E8D709600FA,674DDB75F2F9A75B101B56BD7066D87F
SRR2951711,2016-08-20 00:00:00,2015-12-08 14:06:59,12070875,2438316750,12070875,202,1512,,https://sra-downloadb.be-md.ncbi.nlm.nih.gov/sos5/sra-pub-zq-11/SRR002/951/SRR2951711/SRR2951711.sralite.1,SRX1444514,,RNA-Seq,PolyA,TRANSCRIPTOMIC,PAIRED,0,0,ILLUMINA,Illumina Genome Analyzer,SRP066528,PRJNA300432,,300432,SRS1172760,SAMN04260272,simple,1051067,Doryteuthis pealeii,Stage_25_Nov13_Sample_025,,,,,,,no,,,,,UNIVERSITY OF TEXAS AT AUSTIN,SRA312758,,public,0441A1E0D7C002469EBDFCB8E97F9DC0,E8AB379DF268DA76484691F3395C1D6D
SRR2951712,2016-08-20 00:00:00,2015-12-08 14:06:35,12545004,2534090808,12545004,202,1576,,https://sra-downloadb.be-md.ncbi.nlm.nih.gov/sos5/sra-pub-zq-11/SRR002/951/SRR2951712/SRR2951712.sralite.1,SRX1444515,,RNA-Seq,PolyA,TRANSCRIPTOMIC,PAIRED,0,0,ILLUMINA,Illumina HiSeq 2000,SRP066528,PRJNA300432,,300432,SRS1172761,SAMN04260273,simple,1051067,Doryteuthis pealeii,Stage_25_Nov13_Sample_026,,,,,,,no,,,,,UNIVERSITY OF TEXAS AT AUSTIN,SRA312758,,public,3592F31C066D36D2BBE878C204D3FBE7,F79B810A1B017DAE7A41D82F46EB62F5
SRR2951713,2016-08-20 00:00:00,2015-11-25 18:56:39,12102946,2444795092,12102946,202,1513,,https://sra-downloadb.be-md.ncbi.nlm.nih.gov/sos5/sra-pub-zq-11/SRR002/951/SRR2951713/SRR2951713.sralite.1,SRX1444868,,RNA-Seq,PolyA,TRANSCRIPTOMIC,PAIRED,0,0,ILLUMINA,Illumina HiSeq 2000,SRP066528,PRJNA300432,,300432,SRS1172896,SAMN04260274,simple,1051067,Doryteuthis pealeii,Stage_25_Nov13_Sample_027,,,,,,,no,,,,,UNIVERSITY OF TEXAS AT AUSTIN,SRA312758,,public,61F6826D783B30643B2C4149303F1608,B32D36F6215F482793CA9DE65A1401BA
SRR2952173,2016-08-20 00:00:00,2015-11-25 18:08:18,48166346,4912967292,48166346,102,2977,,https://sra-downloadb.be-md.ncbi.nlm.nih.gov/sos5/sra-pub-zq-11/SRR002/952/SRR2952173/SRR2952173.sralite.1,SRX1444640,,RNA-Seq,PolyA,TRANSCRIPTOMIC,PAIRED,0,0,ILLUMINA,Illumina HiSeq 2000,SRP066528,PRJNA300432,,300432,SRS1172811,SAMN04260290,simple,1051067,Doryteuthis pealeii,Stage_27_Feb13_Sample_013,,,,,,,no,,,,,UNIVERSITY OF TEXAS AT AUSTIN,SRA312758,,public,14C8D1CE6DCCE842AC0F0F4D75F0D93B,EC4AF4950681C77F5DFEE1625D40A893
SRR2952174,2016-08-20 00:00:00,2015-11-25 18:08:06,47028856,4796943312,47028856,102,2920,,https://sra-downloadb.be-md.ncbi.nlm.nih.gov/sos5/sra-pub-zq-11/SRR002/952/SRR2952174/SRR2952174.sralite.1,SRX1444641,,RNA-Seq,PolyA,TRANSCRIPTOMIC,PAIRED,0,0,ILLUMINA,Illumina HiSeq 2000,SRP066528,PRJNA300432,,300432,SRS1172812,SAMN04260291,simple,1051067,Doryteuthis pealeii,Stage_27_Feb13_Sample_014,,,,,,,no,,,,,UNIVERSITY OF TEXAS AT AUSTIN,SRA312758,,public,C18FB9D39FF6DEC3563CE96062D4FB51,6796DB2382BC9EEFAE5A05585267C011
SRR2952175,2016-08-20 00:00:00,2015-12-08 14:16:30,50418906,5142728412,50418906,102,3093,,https://sra-downloadb.be-md.ncbi.nlm.nih.gov/sos5/sra-pub-zq-11/SRR002/952/SRR2952175/SRR2952175.sralite.1,SRX1444642,,RNA-Seq,PolyA,TRANSCRIPTOMIC,PAIRED,0,0,ILLUMINA,Illumina HiSeq 2000,SRP066528,PRJNA300432,,300432,SRS1172814,SAMN04260292,simple,1051067,Doryteuthis pealeii,Stage_27_Feb13_Sample_015,,,,,,,no,,,,,UNIVERSITY OF TEXAS AT AUSTIN,SRA312758,,public,3D08E6075090D971904A8181CDD3AEC4,367568B5BE181A1C9585059172F0965D
SRR2951714,2016-08-20 00:00:00,2015-11-25 19:04:37,12038937,2431865274,12038937,202,1509,,https://sra-downloadb.be-md.ncbi.nlm.nih.gov/sos5/sra-pub-zq-11/SRR002/951/SRR2951714/SRR2951714.sralite.1,SRX1444598,,RNA-Seq,PolyA,TRANSCRIPTOMIC,PAIRED,0,0,ILLUMINA,Illumina HiSeq 2000,SRP066528,PRJNA300432,,300432,SRS1172784,SAMN04260275,simple,1051067,Doryteuthis pealeii,Stage_27_Nov13_Sample_028,,,,,,,no,,,,,UNIVERSITY OF TEXAS AT AUSTIN,SRA312758,,public,4C3826E5FC7B1BA110FC9A9CB162DEAD,9D23FF39C68CC1A634598C57A65BC0EF
SRR2951715,2016-08-20 00:00:00,2015-11-25 18:57:55,12476204,2520193208,12476204,202,1565,,https://sra-downloadb.be-md.ncbi.nlm.nih.gov/sos5/sra-pub-zq-11/SRR002/951/SRR2951715/SRR2951715.sralite.1,SRX1444615,,RNA-Seq,PolyA,TRANSCRIPTOMIC,PAIRED,0,0,ILLUMINA,Illumina HiSeq 2000,SRP066528,PRJNA300432,,300432,SRS1172794,SAMN04260276,simple,1051067,Doryteuthis pealeii,Stage_27_Nov13_Sample_029,,,,,,,no,,,,,UNIVERSITY OF TEXAS AT AUSTIN,SRA312758,,public,10D82692A35FA76A1AC774E5895F40B6,FE3F5ECD6FCC98FF4A723456F0C2D11F
SRR2951716,2016-08-20 00:00:00,2015-12-08 14:06:58,11490795,2321140590,11490795,202,1428,,https://sra-downloadb.be-md.ncbi.nlm.nih.gov/sos5/sra-pub-zq-11/SRR002/951/SRR2951716/SRR2951716.sralite.1,SRX1444627,,RNA-Seq,PolyA,TRANSCRIPTOMIC,PAIRED,0,0,ILLUMINA,Illumina HiSeq 2000,SRP066528,PRJNA300432,,300432,SRS1172798,SAMN04260277,simple,1051067,Doryteuthis pealeii,Stage_27_Nov13_Sample_030,,,,,,,no,,,,,UNIVERSITY OF TEXAS AT AUSTIN,SRA312758,,public,805ABC4346B4C0509924E24912820556,791C43BCC14B5AA0A6F35B7434F8459D
